{"V/5Szu9BwZQsasTJvzQRkw==":"2020%20auo%E4%B8%BB%E8%A6%96%E8%A6%BA-617-2000x1125.jpg","o9w63dfeGS6IcEtmM9fSjA==":"background4.jpeg","mIIbxW0r7dEZSbMPwcoYdg==":"background2.jpg","AXUH47YUOJ/hKShVb8ISwA==":"auo%20university%20logo_white-96x8.png","OijL6lz21LWxeKZN+5M7tg==":"auoxto-1316x144.png","8Ns5WtpTNMNci/nCj+fnIQ==":"auoxto-1-1316x144.png","SbPJSOipnyrYBShTA8+kPw==":"agenda-1456x1558.png","CkFbmB57xbGy6GX8HVfGFQ==":"agenda-1-1456x1558.png","JJoLHbxBFcqfr22SPJtorQ==":"agenda-2-1456x1558.png","epOpMuRJeJNunm1dw9PAXw==":"agenda-3-1456x1558.png","UwKnF2KLr/ocdf9gues7Jg==":"background5.jpg","xXEbPBHn98wGQUtYAMl+CQ==":"%E5%A0%B1%E5%90%8D%E9%80%A3%E7%B5%90-536x210.jpg","KYZn9j4m0T743Y3E3EDCxQ==":"%E7%B6%B2%E9%A0%81%E9%A6%96%E9%9D%A2-2000x1333.jpg","qwAqR1IUqM1j6r8v5/Ic6Q==":"2020%20auo%E4%B8%BB%E8%A6%96%E8%A6%BA-617-1023x575.jpg","pooWbBHnsF+56L/MCBvP4Q==":"%E7%B6%B2%E9%A0%81%E9%A6%96%E9%9D%A2-2000x1333.jpeg","5oD4liqOPi40lxY5ggvG2g==":"2021%E4%B8%BB%E8%A6%96%E8%A6%BA-1666x937.jpg","3lSqiMJQPvat/OSFNmHhnQ==":"2021%E4%B8%BB%E8%A6%96%E8%A6%BA-1666x937.jpeg","koBn2uEHATWSOY21t5oPPg==":"2021%E4%B8%BB%E8%A6%96%E8%A6%BA-1465x824.jpg","SAv+rA74qrak/nEUGcdrnA==":"2021%E4%B8%BB%E8%A6%96%E8%A6%BA-1465x824.jpeg","a44RUdqzvRZ+hJ8ff88vkg==":"2021%E4%B8%BB%E8%A6%96%E8%A6%BA-1046x588.jpg","gseCWhJASJkQ9vOS1YOZhg==":"2021%E4%B8%BB%E8%A6%96%E8%A6%BA-1046x588.jpeg","0RN1GJ0mZNvtvYDbpYbDiA==":"roundown%20test%201%20-1577x1877.jpg","aDwZHwnI9TtIENmqs7AaDA==":"roundown%20test%201%20-1577x1877.jpeg","/MGCZpCSYfPzzSp08ptVhQ==":"roundown%20test%201%20-1577x1877.jpg","0uAvOyO/G8u3x65N4l48kA==":"2021%E6%9A%AB%E8%A8%82%E8%A1%8C%E7%A8%8B%E8%A1%A8-1093x1161.png","sCitFMD5KKHD6DtOlTgFBw==":"dsc09993-2000x1333.jpeg","52RpmgPG/4xGuMnEQUT90A==":"dsc09993-2000x1333.jpg","IcKXWsGGmdJFyG7EYrghnA==":"auo%20university%20logo_white-381x31.png","y96n0Fov/+lYCHxJy7iI4Q==":"%E7%A7%91%E6%8A%80%E5%A0%B1%E6%A9%98-240x53.png","3gsFuNKz7K2/twpK6v2u3Q==":"%E5%89%B5%E6%9C%AA%E4%BE%86%E7%A7%91%E6%8A%80-240x54.jpg","sOLyPLe8G++HHgikfM9t0g==":"%E6%84%9B%E6%AF%94%E7%A7%91%E6%8A%80-240x240.png","Ato7Ml+rZgryyie8ke0bAw==":"%E8%81%BF%E4%BF%A1%E9%86%AB%E7%99%82-240x150.png","jqz71EkzvC4ho8n4IlVOjg==":"%E5%A4%A7%E7%8C%A9%E7%8C%A9%E7%A7%91%E6%8A%80%E8%82%A1%E4%BB%BD%E6%9C%89%E9%99%90%E5%85%AC%E5%8F%B8-252x213.jpg","Q0EHCYPmDhX7CN1Rp6WsUQ==":"%E7%A5%9E%E9%80%9A%E8%B3%87%E8%A8%8A%E7%A7%91%E6%8A%80-252x95.jpg","vFiB53HEtg+v88Q+Gc2E2w==":"%E8%A3%95%E9%9B%BB%E8%83%BD%E6%BA%90%E8%82%A1%E4%BB%BD%E6%9C%89%E9%99%90%E5%85%AC%E5%8F%B8-252x52.jpg","jGJAypUrAUwUHDcUgrntuw==":"nvidia-2-252x48.png","CC36W3+kBg8QNhbefPNLoQ==":"%E7%A7%91%E6%8A%80%E5%A0%B1%E6%A9%98%E7%A4%BE%E9%95%B7_%E6%88%B4%E5%AD%A3%E5%85%A8-400x532.jpeg","Z6DfyUDgMviL2dEi/wlluw==":"nvidia%E8%B3%87%E6%B7%B1%E8%B3%87%E6%96%99%E7%A7%91%E5%AD%B8%E5%AE%B6_%E5%8A%89%E5%86%A0%E8%89%AF-389x512.jpg","tmvrjDwkM97ezm9QahQvPg==":"%E7%A5%9E%E9%80%9A%E8%B3%87%E8%A8%8A%E7%A7%91%E6%8A%80-252x95.jpeg","v2D19nJCGvIm7eZTQEjUAQ==":"%E7%A5%9E%E9%80%9A%E8%B3%87%E8%A8%8A%E7%A7%91%E6%8A%80-332x125.jpg","hDT74DUgKxvgY6KooYazkA==":"%E7%A5%9E%E9%80%9A%E8%B3%87%E8%A8%8A%E7%A7%91%E6%8A%80%E5%89%AF%E7%B8%BD%E7%B6%93%E7%90%86_%E4%B8%81%E7%8E%89%E6%88%90-400x612.png","IVBiO10h0BGz2OkkHzPgUg==":"%E5%89%B5%E6%9C%AA%E4%BE%86%E7%A7%91%E6%8A%80%E5%9F%B7%E8%A1%8C%E9%95%B7_%E7%8E%8B%E6%AF%93%E9%89%A4-400x600.jpg","NKtk1mCQqFFuAXLDsIsXNg==":"%E5%A4%A7%E7%8C%A9%E7%8C%A9%E7%A7%91%E6%8A%80%E8%82%A1%E4%BB%BD%E6%9C%89%E9%99%90%E5%85%AC%E5%8F%B8-300x253.jpg","B77ao7sKnz0B5n+60MiWFQ==":"%E7%A7%91%E6%8A%80%E5%A0%B1%E6%A9%982-480x106.png","8v8Bj0SEiVGulJzw5oRBhg==":"nvidia%202-960x182.png","GKn1AtfrOtSed8M1DRvLYw==":"1-295x66.png","ar9GGdxwdYNJ0VBujIrDkg==":"2-295x71.png","aNt8/XtXfui0+imWAVxuFw==":"8-126x106.jpg","STT21fmMBbUBS1pXGfdfmw==":"1-319x71.png","whu2q2+dDD8bjLQgFZR6jg==":"3-252x52.jpg","2KhDKjKzCgyOgihEZqRyrQ==":"4-417x70.jpg","TGQdhCG976cqcJEEtlVVeg==":"5-315x71.jpg","0mY0UDnTGT0VXe4F6upVCQ==":"6-143x71.png","QyEadeqPmMjyMNLQXNm8hg==":"7-211x106.png","k0SS5pURSDOX86Ekb7YfMg==":"3-316x65.jpg","eWo/BNzviTxZZ7n4RxYeyQ==":"3-1-316x65.jpg","a/MCjIpdEvgxODkEKQE5YQ==":"3-314x66.jpg","kS6I3qAS3Tr5rS5DFpdK3g==":"3-314x66.jpeg","07RFBGUO1HOrR21ZOzaj7Q==":"3-315x65.jpg","1F5iTN73BJepYaiNZiQWTg==":"3-315x65.jpeg","ISn4qczK6cPprgC6FhbZ6w==":"3-315x66.jpg","a0arEtLh7cq70WQmgRZVcQ==":"3-2-316x65.jpg","nz8dXC5YbP0k7BhwUv7pog==":"8-98x83.jpg","k85J4Mtevmk0nd4tHZ/FRQ==":"8-84x71.jpg","ffuW8H4aY3SPBcwEPDbQgg==":"7-140x71.png","oKyEy/zxuW77ncVNxQnMBQ==":"4-422x71.jpg","AHQPjHqpaCM1yFfRlaeaxw==":"3-168x37.jpg","+xeHLYADdNqLByD7x3Guaw==":"logo-146x71.png","zzuKW+BkWPA23GsG/ls8eA==":"2021%E6%9A%AB%E8%A8%82%E8%A1%8C%E7%A8%8B%E8%A1%A8-1093x1161.png","/ALJQPMktidYRd6NudB/9Q==":"-1-569x487.png","kaAoq6RQJm6Z1/ZqvRtQtA==":"background2-1.jpg","fOR1UyPA41FIufwFUR94gw==":"%E5%9C%96%E7%89%871-638x638.png","qX7v2S1GFe/gEVWATD8vJg==":"%E5%9C%96%E7%89%873-469x469.png","BeJWCIEtjHMFyodLymjzEA==":"%E5%9C%96%E7%89%872-300x300.png","cWmW+avLMPKRi8IIeo9BOw==":"%E5%9C%96%E7%89%871-1718x1717.png","XNthDRkmU0OkirQVuJuXig==":"%E5%9C%96%E7%89%871-1718x1717.png","vAlgdVh7oHBcXrhe9AHBUg==":"%E5%9C%96%E7%89%871-1718x1717.png","sZHJXa5NNGx/AzgVEFGv7Q==":"%E5%9C%96%E7%89%871-300x300.png","D5GQmp4/L3LzLqmqUGl4Rg==":"2020-auo-617.jpg","W0ZQ/3WJMFVZRBGf69eLzw==":"2021%E4%B8%BB%E8%A6%96%E8%A6%BA-1110x624.jpg","VXH1RY2qu2Bt+5gXmVk4iw==":"agenda-v4-1330x1425.png","7vw8LH2xOE6w0MerueyYZQ==":"background4.jpg","RarCoI+x0Yh+NI+kmVC+hw==":"20210511%E8%A1%8C%E7%A8%8Bupdate-1121x1242.png","gz2HGnrXfgMHgGmrZtbBfg==":"goshare-small-file-2-400x266.jpeg","AVoBx3NJOfDL4+5BMYPrwQ==":"6.jpeg","mUhashHeDpTJJK55n1Scpw==":"danny-ting-1.jpeg","KzGJwTYCrajsJgT1+fKNsQ==":"7.jpeg","6NsFnsCIpsjPXKnj5+6v2A==":"8.jpeg","17EjVam/JiCCoxPoETkJsw==":"0.jpeg","QYYH6G82Zi6o2lYsit2juQ==":"jamie-2.png","cg3cD2zgN2Ncve8J0iFGPQ==":"1.jpeg","PaBGAbtPyx2Hn2B6qPcugg==":"img-5710.jpeg","6kXlTWXWkFocBKkSn8NSDw==":"%E7%A7%91%E6%8A%80%E5%A0%B1%E6%A9%98%E7%A4%BE%E9%95%B7_%E6%88%B4%E5%AD%A3%E5%85%A8-400x532.jpeg","Xit1yGkYZ1hLMdq7tocX7A==":"nvidia%E8%B3%87%E6%B7%B1%E8%B3%87%E6%96%99%E7%A7%91%E5%AD%B8%E5%AE%B6_%E5%8A%89%E5%86%A0%E8%89%AF-389x512.jpeg","NsKB3dbP6qQkHZuc8i3Osw==":"%E7%A5%9E%E9%80%9A%E8%B3%87%E8%A8%8A%E7%A7%91%E6%8A%80%E5%89%AF%E7%B8%BD%E7%B6%93%E7%90%86_%E4%B8%81%E7%8E%89%E6%88%90-400x612.png","vqHlNeAqtgX6o49tap7HqA==":"%E7%A5%9E%E9%80%9A%E8%B3%87%E8%A8%8A%E7%A7%91%E6%8A%80%E5%89%AF%E7%B8%BD%E7%B6%93%E7%90%86_%E4%B8%81%E7%8E%89%E6%88%90-400x612.png","w7mhldoLSitnJ26Wbe/OFw==":"%E7%A5%9E%E9%80%9A%E8%B3%87%E8%A8%8A%E7%A7%91%E6%8A%80%E5%89%AF%E7%B8%BD%E7%B6%93%E7%90%86_%E4%B8%81%E7%8E%89%E6%88%90-400x612.png","EE2mp44sruh4Cj9x1A2hAQ==":"%E5%89%B5%E6%9C%AA%E4%BE%86%E7%A7%91%E6%8A%80%E5%9F%B7%E8%A1%8C%E9%95%B7_%E7%8E%8B%E6%AF%93%E9%89%A4-400x600.jpeg","ix1Ar5Qu+L61ZuX7wXhjLA==":"%E7%A7%91%E6%8A%80%E5%A0%B1%E6%A9%98%E6%88%B4%E5%AD%A3%E5%85%A8%E7%A4%BE%E9%95%B7%20%E8%AC%9B%E8%80%85%E8%B3%87%E6%96%99%E9%9D%A2-588x479.png","/TbxjjdFyziOzLf/MJ58SQ==":"nvidia%E8%B3%87%E6%B7%B1%E8%B3%87%E6%96%99%E7%A7%91%E5%AD%B8%E5%AE%B6%E5%8A%89%E5%86%A0%E8%89%AF%20%E8%AC%9B%E8%80%85%E8%B3%87%E6%96%99%E9%9D%A2-582x480.png","puHq9jiVzYiNjfGVzq/RFw==":"%E7%A5%9E%E9%80%9A%E8%B3%87%E8%A8%8A%E7%A7%91%E6%8A%80%E5%89%AF%E7%B8%BD%E7%B6%93%E7%90%86_%E4%B8%81%E7%8E%89%E6%88%90%20%E8%AC%9B%E8%80%85%E8%B3%87%E6%96%99%E9%9D%A2-569x476.png","ph6mHx9j+adjCErrxSDf5g==":"%E5%89%B5%E6%9C%AA%E4%BE%86%E7%A7%91%E6%8A%80%E5%9F%B7%E8%A1%8C%E9%95%B7_%E7%8E%8B%E6%AF%93%E9%89%A4%20%E8%AC%9B%E8%80%85%E8%B3%87%E6%96%99%E9%9D%A2-572x475.png","5/sLNLelEIUt55srVPzBCA==":"%E7%A7%91%E6%8A%80%E5%A0%B1%E6%A9%98new-628x510.png","GY5sU0uc2913Tgq+exNZZA==":"nvidia%20new-628x520.png","hU6jgZahG9GyD71G8lIxHQ==":"%E7%A5%9E%E9%80%9A%E7%A7%91%E6%8A%80new-628x525.png","yor3cAGyt+FR/TlmvyLl3g==":"%E5%89%B5%E6%9C%AA%E4%BE%86%20new-628x519.png","3+KpQFqEjxZAeCklZ9QQtg==":"%E7%A5%9E%E9%80%9A%E7%A7%91%E6%8A%80%E8%AC%9B%E8%80%85%E8%B3%87%E6%96%99%E9%9D%A2(%E6%96%B0)-494x472.png","W7sl3s6qo3uh8mgCCkAxNg==":"%E7%A5%9E%E9%80%9A%E7%A7%91%E6%8A%80%E8%AC%9B%E8%80%85%E8%B3%87%E6%96%99(%E6%9C%80%E6%96%B0)-569x476.png","OZdbO83xcbJbCjv5GTGcwQ==":"%E7%A5%9E%E9%80%9A%E7%A7%91%E6%8A%80%E8%AC%9B%E8%80%85%E8%B3%87%E6%96%99(%E6%96%B0%E6%96%B0%E6%96%B0)-570x476.png","hsEpa1oL270WSblptzgtqg==":"%E7%A7%91%E6%8A%80%E5%A0%B1%E6%A9%98%E8%AC%9B%E8%80%85%E8%B3%87%E6%96%99-582x479.png","lDwZuGKxDUfWehskNjubpQ==":"nvdia%E8%AC%9B%E8%80%85%E8%B3%87%E6%96%99-582x478.png","FNt4BlMPS5tNMeAMGXC7Fg==":"%E5%89%B5%E6%9C%AA%E4%BE%86%E8%AC%9B%E8%80%85%E8%B3%87%E6%96%99-572x475.png","UZJhPYmRInLFTLJAF1T0lQ==":"%E6%8A%95%E5%BD%B1%E7%89%873-1280x720.jpg","aQhjOiyXfkhG+opesYog7w==":"%E6%8A%95%E5%BD%B1%E7%89%872-1280x720.jpg","s/o+qStix243j6LxhYJ0Hg==":"%E6%8A%95%E5%BD%B1%E7%89%871-1280x720.jpg","Uz8XVt9E+lv9iUddSDB5Ag==":"%E6%8A%95%E5%BD%B1%E7%89%874-1280x720.jpg","/JKWwu8D1fh9/jt4rD6UMQ==":"%E6%8A%95%E5%BD%B1%E7%89%875-1280x720.jpg","+tN2pGCCV7vztiaqRmUflA==":"%E6%8A%95%E5%BD%B1%E7%89%876-1280x720.jpg","srvdapXsqK9oenOdBBiHMA==":"face3.jpeg","7uDNjLgu0xmUkNun7Nt1Jw==":"%E5%91%A8%E8%A1%8C%E4%B8%80-584x716.png","o9uzyIVI+jedCIKIgwot9w==":"%E5%91%A8%E8%A1%8C%E4%B8%80-584x716.png","Mh574/2ul7IS+ctaqDxjkw==":"%E5%BE%90%E9%81%B5%E6%85%88-609x716.png","dQkK9TNCMbEzL7BlPbn97A==":"%E5%AD%AB%E6%98%8E%E5%BE%B7-600x715.png","2oHQJW+3sWaN0gBA9l4FUw==":"%E5%8A%89%E9%8F%A1%E6%B8%85-587x716.png","Ilkm/VrgKzll6XnavXIfVQ==":"%E7%A8%8B%E4%B8%96%E5%98%89-583x716.png","28sUj2vcOFyOOQnTfyusHA==":"%E7%B0%A1%E7%AB%8B%E5%B3%B0-583x716.png","LDtezicfDy4y6jg5jNamLg==":"ppt_%E5%BA%95%E5%9C%96-2-2000x1125.png","FAeo/tNP/Xpyk/GdYvDIxg==":"ppt_%E5%BA%95%E5%9C%96-2-2000x1125.png","XdTQcLRL+0I+O+dHVVRMoQ==":"ppt_%E5%BA%95%E5%9C%96-2-2000x1125.png","NtVEgGr7RxZBXne5oIXieA==":"ppt_%E5%BA%95%E5%9C%96-2-2000x1125.png","RHPzCCbjJYPdED4jRJKJkg==":"ppt_%E5%BA%95%E5%9C%96-2-2000x1125.png","CjIA97+LGZD1LU6HKpMaYg==":"ppt_%E5%BA%95%E5%9C%96-2-2000x1125.png","S33Bai7MtO0Cda7E/hd0UQ==":"ppt_%E5%BA%95%E5%9C%96-2-2000x1125.png","SJEyz+Wit5yilgSHLxunoA==":"logo-121x38.png","9qs11ktey9fD8YdKMCU19A==":"head%20word-1033x639.png","cBZWsYmI3iubW1e9zSrw9A==":"head%20backgroud-2000x1125.png","7ccCmiyGlXCr05h6odutqg==":"head%20word-1368x434.png","0jpP2XvPy8yIXfD/uXntRA==":"none-1014x584.png","58NTQziJU8w6IOIBU43NRw==":"head%20word%203-2000x1125.png","Ttr6xtMkP+AFYI9rUMIOsw==":"head%20word-2013x639.png","ZgXJiD7BPafbt3UjrSUzTg==":"head%20backgroud2-2000x1125.png","pbDjRNk3B5inzihRbzqbsQ==":"head%20word%204-1089x930.png","ItmJMBAHZ1/x9ybtMbUEEg==":"head%20word%204-1496x930.png","jaD8nh2undq/c/TXXrSc0w==":"%E5%8F%8B%E9%81%94%E5%A4%A7%E5%AD%B8_%E4%B8%BB%E8%A6%81%E6%A8%99%E8%AA%8C%EF%BD%9C%E8%8B%B1%E8%AA%9E-387x218.png","dpbD3fAY/1A8eSvEEuASbw==":"%E5%8F%8B%E9%81%94%E5%A4%A7%E5%AD%B8_%E4%B8%BB%E8%A6%81%E6%A8%99%E8%AA%8C%EF%BD%9C%E8%8B%B1%E8%AA%9E-387x218.png","EFRVxX0/DwYc3+JBX/ty3A==":"%E8%AD%B0%E7%A8%8B-1115x1140.png","SYGgswWsGfvea0CsGfkFIQ==":"%E5%91%A8%E8%A1%8C%E4%B8%801-240x240.png","eGoR/D42BRjvH2JDgjPyJQ==":"%E5%BE%90%E9%81%B5%E6%85%881-240x240.png","ufnCftm8fFlVMprDwIdArQ==":"%E5%AD%AB%E6%98%8E%E5%BE%B71-240x240.png","gSmUJApoGYnd6qnsNo24GQ==":"%E5%91%A8%E8%A1%8C%E4%B8%801-360x360.png","/yGgyH5dgSiNvZeDeenKmw==":"%E5%BE%90%E9%81%B5%E6%85%881-400x399.png","Yslajd3GQ50fnAEPU7Bkgw==":"%E5%AD%AB%E6%98%8E%E5%BE%B71-400x400.png","RtGLyhFGwucCVKAFame84Q==":"%E5%8A%89%E9%8F%A1%E6%B8%851-356x356.png","jQ8JIYT2LqkoWQxwkJo/qQ==":"%E7%A8%8B%E4%B8%96%E5%98%891-400x400.png","3y7uzxUX3FtveMVladtm0A==":"%E7%B0%A1%E7%AB%8B%E5%B3%B01-400x400.png","sT1ytRtFEddRWZl50KoUNA==":"tasc%20logo-590x591.png","BKfMqI85rDtchugYpSM2tw==":"%E5%8F%B0%E7%B6%93%E9%99%A2logo-350x200.png","utvecpAD0o2L82jQbe2hRg==":"%E8%B3%87%E8%AA%A0%20logo-630x478.png","irElvMmn1GCuUmn9nJZ72Q==":"ikala%20logo-286x287.png","zoJjkwB6EsedX1nF21wcgA==":"ikala%20logo-395x396.png","ki+x/YgpbIH3dJgy6/zkyQ==":"to%20logo-404x107.png","Z5dkvBzMSjHhH6cqzRi9Ow==":"tasc%20logo-404x107.png","sIf64pJ5NWF5f6pCxKnBRg==":"%E5%8F%B0%E7%B6%93%E9%99%A2logo-404x107.png","EsckQ8gR4pTdWOHt3rSlww==":"%E8%B3%87%E8%AA%A0%20logo-404x107.png","O6ji8nfjzSW2AaruXpMRuQ==":"ikala%20logo-404x107.png","7Wu1/Hxaf1QP6VkbD8ZMRA==":"%E8%AD%B0%E7%A8%8B-1115x1140.png","ku1mbWOKU1SVBPsI47dTJQ==":"%E9%82%80%E7%B4%84%E4%B8%AD-583x716.png","dJ8hxJlrjEh0iaW8pFj33Q==":"%E5%90%B3%E4%BD%B3%E9%A7%BF-583x716.png","HF/cRlX3m3cRHAASqPRZlQ==":"%E8%AD%B0%E7%A8%8B-1115x1140.png","tiKKzLQYHfyo62mx7XFPrw==":"%E5%90%B3%E4%BD%B3%E9%A7%BF1-400x400.png","iHQSzVP3V2JxD6yzFjdD5w==":"finance%20logo-808x214.png","Nhu3J1PwkUoVb2X8eQndyQ==":"tasc%20logo-808x213.png","YMHA8yG+geYhOlnyvmGvFA==":"ichef%20logo-808x213.png","tziZ/G068/L8eVlPdAfzBQ==":"%E8%B3%87%E8%AA%A0%20logo-808x214.png","czQAdQATtrU47hNrjEV8/A==":"appier%20%20logo-808x214.png","8Z0no4P88yu0nYQJm2JDnA==":"%E5%8F%B0%E7%B6%93%E9%99%A2logo-808x214.png","ol4yF7MwkKeZCQT/Z6w65w==":"ikala%20logo-808x214.png","oHoFeZaV41wckyF0bt0T0w==":"auo%20university%20logo-395x97.png"}